{"accuracy": [0.6912999749183655, 0.7699499726295471, 0.7849500179290771, 0.7947750091552734, 0.8011249899864197, 0.806850016117096, 0.8098000288009644, 0.8132500052452087, 0.8154249787330627, 0.8170750141143799, 0.8238750100135803, 0.8224250078201294, 0.8250250220298767, 0.8259999752044678, 0.8274250030517578, 0.8280500173568726, 0.8266500234603882, 0.8292750120162964, 0.8291500210762024, 0.8301249742507935, 0.830049991607666, 0.8302749991416931, 0.8304749727249146, 0.8308749794960022, 0.8320249915122986, 0.8323500156402588, 0.8303250074386597, 0.831125020980835, 0.8315749764442444, 0.832925021648407, 0.8334749937057495, 0.8319249749183655, 0.8353000283241272, 0.8342249989509583, 0.8328999876976013, 0.833175003528595, 0.8322499990463257, 0.8339250087738037, 0.8338000178337097, 0.8325750231742859, 0.8333250284194946], "loss": [0.9286482334136963, 0.6747339963912964, 0.6253682374954224, 0.5971546173095703, 0.5756136775016785, 0.5645632147789001, 0.5508989095687866, 0.5451685786247253, 0.5346061587333679, 0.5272103548049927, 0.5151776671409607, 0.5142045617103577, 0.5069876313209534, 0.5049862265586853, 0.5020073652267456, 0.5000107288360596, 0.5027869939804077, 0.49786651134490967, 0.4924243092536926, 0.493423193693161, 0.4907948672771454, 0.49193793535232544, 0.4913383424282074, 0.489513099193573, 0.4877339005470276, 0.4877524971961975, 0.4875815808773041, 0.48745590448379517, 0.48738226294517517, 0.4811089336872101, 0.48555728793144226, 0.48114410042762756, 0.4830237925052643, 0.48297086358070374, 0.4827063977718353, 0.48012611269950867, 0.4846625030040741, 0.4819003939628601, 0.48306670784950256, 0.483640193939209, 0.48387402296066284], "val_accuracy": [0.7849000096321106, 0.7912999987602234, 0.8040000200271606, 0.7954999804496765, 0.8091999888420105, 0.8072999715805054, 0.8141000270843506, 0.8116999864578247, 0.8091999888420105, 0.7962999939918518, 0.8133000135421753, 0.8151999711990356, 0.8133999705314636, 0.8173999786376953, 0.815500020980835, 0.8127999901771545, 0.8116999864578247, 0.8162999749183655, 0.8170999884605408, 0.8173999786376953, 0.8195000290870667, 0.8152999877929688, 0.8172000050544739, 0.8184999823570251, 0.8159999847412109, 0.8166000247001648, 0.8184000253677368, 0.817300021648407, 0.8172000050544739, 0.8172000050544739, 0.8169999718666077, 0.8177000284194946, 0.8169000148773193, 0.8169000148773193, 0.8167999982833862, 0.8176000118255615, 0.8179000020027161, 0.8166000247001648, 0.8173999786376953, 0.8174999952316284, 0.8172000050544739], "val_loss": [0.6492710113525391, 0.6345958709716797, 0.5878214836120605, 0.5884087085723877, 0.5696180462837219, 0.5696653127670288, 0.553392767906189, 0.5618098974227905, 0.5601599216461182, 0.5833653807640076, 0.5543038845062256, 0.5495036244392395, 0.5524688363075256, 0.5455474853515625, 0.5457850098609924, 0.5482713580131531, 0.5526272654533386, 0.5447168946266174, 0.5428757667541504, 0.5410187244415283, 0.5424968004226685, 0.5428833961486816, 0.5445717573165894, 0.540617823600769, 0.541376531124115, 0.5405480265617371, 0.5409782528877258, 0.5408229231834412, 0.5400846004486084, 0.5401839017868042, 0.5413559079170227, 0.5400309562683105, 0.5400663018226624, 0.5399433374404907, 0.5403016805648804, 0.5396382212638855, 0.5398267507553101, 0.5400713086128235, 0.5398871302604675, 0.5396448373794556, 0.5398758053779602], "learning_rate": [0.0003000000142492354, 0.0003000000142492354, 0.0003000000142492354, 0.0003000000142492354, 0.0003000000142492354, 0.0003000000142492354, 0.0003000000142492354, 0.0003000000142492354, 0.0003000000142492354, 0.0003000000142492354, 0.0001500000071246177, 0.0001500000071246177, 0.0001500000071246177, 0.0001500000071246177, 0.0001500000071246177, 0.0001500000071246177, 0.0001500000071246177, 7.500000356230885e-05, 7.500000356230885e-05, 7.500000356230885e-05, 7.500000356230885e-05, 7.500000356230885e-05, 7.500000356230885e-05, 3.7500001781154424e-05, 3.7500001781154424e-05, 3.7500001781154424e-05, 3.7500001781154424e-05, 1.8750000890577212e-05, 1.8750000890577212e-05, 1.8750000890577212e-05, 1.8750000890577212e-05, 1.8750000890577212e-05, 9.375000445288606e-06, 9.375000445288606e-06, 9.375000445288606e-06, 9.375000445288606e-06, 9.375000445288606e-06, 9.375000445288606e-06, 9.375000445288606e-06, 4.687500222644303e-06, 4.687500222644303e-06]}