{"accuracy": [0.26807498931884766, 0.3551500141620636, 0.4156000018119812, 0.45842498540878296, 0.4965499937534332, 0.5289999842643738, 0.5496000051498413, 0.5849499702453613, 0.6336749792098999, 0.65767502784729, 0.6626750230789185, 0.6658250093460083, 0.6749500036239624, 0.6784999966621399, 0.7183499932289124, 0.7299749851226807, 0.7264500260353088, 0.7352499961853027, 0.7607250213623047, 0.7631999850273132, 0.7672500014305115, 0.7698500156402588, 0.7840250134468079, 0.7854750156402588, 0.7855749726295471, 0.7868750095367432, 0.7895749807357788, 0.7903249859809875, 0.7909500002861023, 0.7992500066757202, 0.798425018787384, 0.8036749958992004, 0.803600013256073, 0.8046749830245972, 0.8062000274658203, 0.8062499761581421, 0.8061000108718872, 0.8070250153541565, 0.8072500228881836, 0.810824990272522, 0.8112000226974487, 0.8101999759674072, 0.8129000067710876, 0.8111000061035156, 0.8141250014305115, 0.8136000037193298], "loss": [19.39592933654785, 13.232579231262207, 4.830255031585693, 2.5674972534179688, 1.7152687311172485, 1.5149579048156738, 1.4376890659332275, 1.293834924697876, 1.0607249736785889, 1.006530523300171, 0.997362494468689, 0.9871368408203125, 0.9660060405731201, 0.9964900612831116, 0.8289619088172913, 0.8037887215614319, 0.8123173117637634, 0.7924649715423584, 0.7025116682052612, 0.6929008364677429, 0.6815007925033569, 0.6828917860984802, 0.6353431344032288, 0.6296898722648621, 0.6266058683395386, 0.6240531206130981, 0.6207039952278137, 0.6159304976463318, 0.6102628707885742, 0.5895637273788452, 0.590082585811615, 0.5856407284736633, 0.5821084976196289, 0.5797125697135925, 0.5719801783561707, 0.5659641623497009, 0.5688424706459045, 0.5664019584655762, 0.5653417706489563, 0.5616660118103027, 0.5598981976509094, 0.5566890835762024, 0.5543908476829529, 0.5554283857345581, 0.5542517304420471, 0.5496471524238586], "val_accuracy": [0.2727999985218048, 0.5041000247001648, 0.44859999418258667, 0.5361999869346619, 0.5871999859809875, 0.5759999752044678, 0.5336999893188477, 0.6103000044822693, 0.6699000000953674, 0.6919999718666077, 0.70660001039505, 0.6736999750137329, 0.7002999782562256, 0.7009000182151794, 0.7348999977111816, 0.7127000093460083, 0.7423999905586243, 0.7336999773979187, 0.7663999795913696, 0.7569000124931335, 0.7565000057220459, 0.7483000159263611, 0.7694000005722046, 0.7728000283241272, 0.7738999724388123, 0.7821000218391418, 0.7742000222206116, 0.7752000093460083, 0.7781000137329102, 0.7781999707221985, 0.7893000245094299, 0.7822999954223633, 0.7817999720573425, 0.7846999764442444, 0.7894999980926514, 0.7903000116348267, 0.7896999716758728, 0.7854999899864197, 0.7904000282287598, 0.7908999919891357, 0.7930999994277954, 0.7928000092506409, 0.7915999889373779, 0.7914999723434448, 0.7942000031471252, 0.7949000000953674], "val_loss": [18.714387893676758, 4.540119171142578, 2.3253047466278076, 1.7005388736724854, 1.2058675289154053, 1.3041625022888184, 1.6408023834228516, 1.3020529747009277, 0.9287756085395813, 0.8863722681999207, 0.854803204536438, 0.9840461015701294, 0.9295091032981873, 0.9092864394187927, 0.7886496186256409, 0.8730233311653137, 0.7938774228096008, 0.8077172636985779, 0.6921993494033813, 0.7054320573806763, 0.7197930812835693, 0.7474229335784912, 0.675047755241394, 0.6576220989227295, 0.6635794639587402, 0.6400186419487, 0.6777093410491943, 0.667235255241394, 0.6593009233474731, 0.6459327936172485, 0.6220121383666992, 0.6287845373153687, 0.6431113481521606, 0.6315454244613647, 0.6245754957199097, 0.6160622835159302, 0.6170881986618042, 0.6316402554512024, 0.6221952438354492, 0.6162763833999634, 0.6065794229507446, 0.6157895922660828, 0.6145543456077576, 0.6162099242210388, 0.6115758419036865, 0.6107681393623352], "learning_rate": [0.0010000000474974513, 0.0010000000474974513, 0.0010000000474974513, 0.0010000000474974513, 0.0010000000474974513, 0.0010000000474974513, 0.0010000000474974513, 0.0010000000474974513, 0.0005000000237487257, 0.0005000000237487257, 0.0005000000237487257, 0.0005000000237487257, 0.0005000000237487257, 0.0005000000237487257, 0.0002500000118743628, 0.0002500000118743628, 0.0002500000118743628, 0.0002500000118743628, 0.0001250000059371814, 0.0001250000059371814, 0.0001250000059371814, 0.0001250000059371814, 6.25000029685907e-05, 6.25000029685907e-05, 6.25000029685907e-05, 6.25000029685907e-05, 6.25000029685907e-05, 6.25000029685907e-05, 6.25000029685907e-05, 3.125000148429535e-05, 3.125000148429535e-05, 3.125000148429535e-05, 3.125000148429535e-05, 3.125000148429535e-05, 1.5625000742147677e-05, 1.5625000742147677e-05, 1.5625000742147677e-05, 1.5625000742147677e-05, 1.5625000742147677e-05, 7.812500371073838e-06, 7.812500371073838e-06, 7.812500371073838e-06, 7.812500371073838e-06, 7.812500371073838e-06, 3.906250185536919e-06, 3.906250185536919e-06]}